{
  "name": "combined_rf",
  "scores_csv": "outputs/cluster_routed_eval\\combined\\scores_combined_rf.csv",
  "roc_png": "outputs/cluster_routed_eval\\combined\\roc_combined_rf.png",
  "metrics": {
    "threshold": 0.5,
    "counts": {
      "N_total": 159,
      "N_stroke(positive)": 113,
      "N_nonstroke(negative)": 46
    },
    "confusion": {
      "tn": 29,
      "fp": 17,
      "fn": 4,
      "tp": 109
    },
    "accuracy": 0.8679245283018868,
    "precision": 0.8650793650793651,
    "recall": 0.9646017699115044,
    "f1": 0.9121338912133892,
    "sensitivity": 0.9646017699115044,
    "specificity": 0.6304347826086957,
    "roc_auc": 0.8942862639476722
  }
}